INSERT INTO "Konser" (id, nama, lokasi, tanggal) VALUES
(1, 'Konser Rock Nation', 'Stadion Utama', '2025-06-10 19:00:00'),
(2, 'Pop Stars Live', 'Arena Jakarta', '2025-07-15 20:00:00'),
(3, 'Jazz Night Festival', 'Gedung Kesenian', '2025-08-20 18:30:00'),
(4, 'EDM Party 2025', 'Beach Club Bali', '2025-09-05 21:00:00'),
(5, 'Indie Fest', 'Lapangan Terbuka', '2025-06-25 17:00:00'),
(6, 'K-pop Mania', 'ICE BSD', '2025-10-10 19:00:00'),
(7, 'Dangdut is the Music', 'GOR Sidoarjo', '2025-11-11 19:00:00'),
(8, 'Orkestra Malam Minggu', 'Teater Jakarta', '2025-12-01 20:00:00'),
(9, 'Rap Nation', 'Senayan Indoor', '2025-08-01 20:00:00'),
(10, 'Classic Revival', 'Hall D JIEXPO', '2025-09-20 18:00:00');
INSERT INTO "Kategori" (id, nama) VALUES
(1, 'CAT 1'),
(2, 'CAT 2'),
(3, 'CAT 3'),
(4, 'FESTIVAL'),
(5, 'VIP'),
(6, 'VVIP'),
(7, 'TRIBUN'),
(8, 'REGULAR'),
(9, 'BALCONY'),
(10, 'STANDING');
INSERT INTO "KonserKategori" (id, konserId, kategoriId) VALUES
(1, 1, 1),
(2, 1, 2),
(3, 2, 4),
(4, 2, 5),
(5, 3, 3),
(6, 3, 6),
(7, 4, 4),
(8, 5, 8),
(9, 6, 10),
(10, 7, 7),
(11, 8, 9),
(12, 9, 4),
(13, 9, 10),
(14, 10, 1),
(15, 10, 5);
INSERT INTO "Ticket" (id, seat, tipeTempat, harga_awal, batas_waktu, konserId, kategoriId) VALUES
(1, 'A1', 'Duduk', 500000, '2025-06-05 23:59:00', 1, 1),
(2, 'A2', 'Duduk', 500000, '2025-06-05 23:59:00', 1, 1),
(3, 'B1', 'Duduk', 450000, '2025-06-05 23:59:00', 1, 2),
(4, 'F1', 'Berdiri', 300000, '2025-07-10 23:59:00', 2, 4),
(5, 'F2', 'Berdiri', 300000, '2025-07-10 23:59:00', 2, 4),
(6, 'VIP1', 'Duduk', 1000000, '2025-07-10 23:59:00', 2, 5),
(7, 'J1', 'Duduk', 400000, '2025-08-15 23:59:00', 3, 3),
(8, 'J2', 'Duduk', 400000, '2025-08-15 23:59:00', 3, 3),
(9, 'VVIP1', 'Duduk', 1500000, '2025-08-15 23:59:00', 3, 6),
(10, 'F3', 'Berdiri', 350000, '2025-09-01 23:59:00', 4, 4),
(11, 'F4', 'Berdiri', 350000, '2025-09-01 23:59:00', 4, 4),
(12, 'G1', 'Duduk', 250000, '2025-06-20 23:59:00', 5, 8),
(13, 'G2', 'Duduk', 250000, '2025-06-20 23:59:00', 5, 8),
(14, 'S1', 'Berdiri', 200000, '2025-10-05 23:59:00', 6, 10),
(15, 'S2', 'Berdiri', 200000, '2025-10-05 23:59:00', 6, 10),
(16, 'TR1', 'Duduk', 180000, '2025-11-05 23:59:00', 7, 7),
(17, 'TR2', 'Duduk', 180000, '2025-11-05 23:59:00', 7, 7),
(18, 'B1', 'Duduk', 300000, '2025-11-28 23:59:00', 8, 9),
(19, 'B2', 'Duduk', 300000, '2025-11-28 23:59:00', 8, 9),
(20, 'F5', 'Berdiri', 350000, '2025-07-28 23:59:00', 9, 4),
(21, 'F6', 'Berdiri', 350000, '2025-07-28 23:59:00', 9, 4),
(22, 'S3', 'Berdiri', 400000, '2025-07-28 23:59:00', 9, 10),
(23, 'S4', 'Berdiri', 400000, '2025-07-28 23:59:00', 9, 10),
(24, 'A3', 'Duduk', 600000, '2025-09-15 23:59:00', 10, 1),
(25, 'VIP2', 'Duduk', 1200000, '2025-09-15 23:59:00', 10, 5),
(26, 'VIP3', 'Duduk', 1200000, '2025-09-15 23:59:00', 10, 5),
(27, 'A4', 'Duduk', 600000, '2025-09-15 23:59:00', 10, 1),
(28, 'A5', 'Duduk', 600000, '2025-09-15 23:59:00', 10, 1),
(29, 'F7', 'Berdiri', 300000, '2025-09-01 23:59:00', 4, 4),
(30, 'F8', 'Berdiri', 300000, '2025-09-01 23:59:00', 4, 4);
